[
  {
    "country": "Afghanistan",
    "alpha2Code": "AF",
    "alpha3Code": "AFG",
    "numCode": 4,
    "lat": 33,
    "lng": 65
  },
  {
    "country": "Albania",
    "alpha2Code": "AL",
    "alpha3Code": "ALB",
    "numCode": 8,
    "lat": 41,
    "lng": 20
  },
  {
    "country": "Algeria",
    "alpha2Code": "DZ",
    "alpha3Code": "DZA",
    "numCode": 12,
    "lat": 28,
    "lng": 3
  },
  {
    "country": "American Samoa",
    "alpha2Code": "AS",
    "alpha3Code": "ASM",
    "numCode": 16,
    "lat": -14.3333,
    "lng": -170
  },
  {
    "country": "Andorra",
    "alpha2Code": "AD",
    "alpha3Code": "AND",
    "numCode": 20,
    "lat": 42.5,
    "lng": 1.6
  },
  {
    "country": "Angola",
    "alpha2Code": "AO",
    "alpha3Code": "AGO",
    "numCode": 24,
    "lat": -12.5,
    "lng": 18.5
  },
  {
    "country": "Anguilla",
    "alpha2Code": "AI",
    "alpha3Code": "AIA",
    "numCode": 660,
    "lat": 18.25,
    "lng": -63.1667
  },
  {
    "country": "Antarctica",
    "alpha2Code": "AQ",
    "alpha3Code": "ATA",
    "numCode": 10,
    "lat": -90,
    "lng": 0
  },
  {
    "country": "Antigua and Barbuda",
    "alpha2Code": "AG",
    "alpha3Code": "ATG",
    "numCode": 28,
    "lat": 17.05,
    "lng": -61.8
  },
  {
    "country": "Argentina",
    "alpha2Code": "AR",
    "alpha3Code": "ARG",
    "numCode": 32,
    "lat": -34,
    "lng": -64
  },
  {
    "country": "Armenia",
    "alpha2Code": "AM",
    "alpha3Code": "ARM",
    "numCode": 51,
    "lat": 40,
    "lng": 45
  },
  {
    "country": "Aruba",
    "alpha2Code": "AW",
    "alpha3Code": "ABW",
    "numCode": 533,
    "lat": 12.5,
    "lng": -69.9667
  },
  {
    "country": "Australia",
    "alpha2Code": "AU",
    "alpha3Code": "AUS",
    "numCode": 36,
    "lat": -27,
    "lng": 133
  },
  {
    "country": "Austria",
    "alpha2Code": "AT",
    "alpha3Code": "AUT",
    "numCode": 40,
    "lat": 47.3333,
    "lng": 13.3333
  },
  {
    "country": "Azerbaijan",
    "alpha2Code": "AZ",
    "alpha3Code": "AZE",
    "numCode": 31,
    "lat": 40.5,
    "lng": 47.5
  },
  {
    "country": "Bahamas",
    "alpha2Code": "BS",
    "alpha3Code": "BHS",
    "numCode": 44,
    "lat": 24.25,
    "lng": -76
  },
  {
    "country": "Bahrain",
    "alpha2Code": "BH",
    "alpha3Code": "BHR",
    "numCode": 48,
    "lat": 26,
    "lng": 50.55
  },
  {
    "country": "Bangladesh",
    "alpha2Code": "BD",
    "alpha3Code": "BGD",
    "numCode": 50,
    "lat": 24,
    "lng": 90
  },
  {
    "country": "Barbados",
    "alpha2Code": "BB",
    "alpha3Code": "BRB",
    "numCode": 52,
    "lat": 13.1667,
    "lng": -59.5333
  },
  {
    "country": "Belarus",
    "alpha2Code": "BY",
    "alpha3Code": "BLR",
    "numCode": 112,
    "lat": 53,
    "lng": 28
  },
  {
    "country": "Belgium",
    "alpha2Code": "BE",
    "alpha3Code": "BEL",
    "numCode": 56,
    "lat": 50.8333,
    "lng": 4
  },
  {
    "country": "Belize",
    "alpha2Code": "BZ",
    "alpha3Code": "BLZ",
    "numCode": 84,
    "lat": 17.25,
    "lng": -88.75
  },
  {
    "country": "Benin",
    "alpha2Code": "BJ",
    "alpha3Code": "BEN",
    "numCode": 204,
    "lat": 9.5,
    "lng": 2.25
  },
  {
    "country": "Bermuda",
    "alpha2Code": "BM",
    "alpha3Code": "BMU",
    "numCode": 60,
    "lat": 32.3333,
    "lng": -64.75
  },
  {
    "country": "Bhutan",
    "alpha2Code": "BT",
    "alpha3Code": "BTN",
    "numCode": 64,
    "lat": 27.5,
    "lng": 90.5
  },
  {
    "country": "Bolivia, Plurinational State of",
    "alpha2Code": "BO",
    "alpha3Code": "BOL",
    "numCode": 68,
    "lat": -17,
    "lng": -65
  },
  {
    "country": "Bolivia",
    "alpha2Code": "BO",
    "alpha3Code": "BOL",
    "numCode": 68,
    "lat": -17,
    "lng": -65
  },
  {
    "country": "Bosnia and Herzegovina",
    "alpha2Code": "BA",
    "alpha3Code": "BIH",
    "numCode": 70,
    "lat": 44,
    "lng": 18
  },
  {
    "country": "Botswana",
    "alpha2Code": "BW",
    "alpha3Code": "BWA",
    "numCode": 72,
    "lat": -22,
    "lng": 24
  },
  {
    "country": "Bouvet Island",
    "alpha2Code": "BV",
    "alpha3Code": "BVT",
    "numCode": 74,
    "lat": -54.4333,
    "lng": 3.4
  },
  {
    "country": "Brazil",
    "alpha2Code": "BR",
    "alpha3Code": "BRA",
    "numCode": 76,
    "lat": -10,
    "lng": -55
  },
  {
    "country": "British Indian Ocean Territory",
    "alpha2Code": "IO",
    "alpha3Code": "IOT",
    "numCode": 86,
    "lat": -6,
    "lng": 71.5
  },
  {
    "country": "Brunei Darussalam",
    "alpha2Code": "BN",
    "alpha3Code": "BRN",
    "numCode": 96,
    "lat": 4.5,
    "lng": 114.6667
  },
  {
    "country": "Brunei",
    "alpha2Code": "BN",
    "alpha3Code": "BRN",
    "numCode": 96,
    "lat": 4.5,
    "lng": 114.6667
  },
  {
    "country": "Bulgaria",
    "alpha2Code": "BG",
    "alpha3Code": "BGR",
    "numCode": 100,
    "lat": 43,
    "lng": 25
  },
  {
    "country": "Burkina Faso",
    "alpha2Code": "BF",
    "alpha3Code": "BFA",
    "numCode": 854,
    "lat": 13,
    "lng": -2
  },
  {
    "country": "Burundi",
    "alpha2Code": "BI",
    "alpha3Code": "BDI",
    "numCode": 108,
    "lat": -3.5,
    "lng": 30
  },
  {
    "country": "Cambodia",
    "alpha2Code": "KH",
    "alpha3Code": "KHM",
    "numCode": 116,
    "lat": 13,
    "lng": 105
  },
  {
    "country": "Cameroon",
    "alpha2Code": "CM",
    "alpha3Code": "CMR",
    "numCode": 120,
    "lat": 6,
    "lng": 12
  },
  {
    "country": "Canada",
    "alpha2Code": "CA",
    "alpha3Code": "CAN",
    "numCode": 124,
    "lat": 60,
    "lng": -95
  },
  {
    "country": "Cape Verde",
    "alpha2Code": "CV",
    "alpha3Code": "CPV",
    "numCode": 132,
    "lat": 16,
    "lng": -24
  },
  {
    "country": "Cayman Islands",
    "alpha2Code": "KY",
    "alpha3Code": "CYM",
    "numCode": 136,
    "lat": 19.5,
    "lng": -80.5
  },
  {
    "country": "Central African Republic",
    "alpha2Code": "CF",
    "alpha3Code": "CAF",
    "numCode": 140,
    "lat": 7,
    "lng": 21
  },
  {
    "country": "Chad",
    "alpha2Code": "TD",
    "alpha3Code": "TCD",
    "numCode": 148,
    "lat": 15,
    "lng": 19
  },
  {
    "country": "Chile",
    "alpha2Code": "CL",
    "alpha3Code": "CHL",
    "numCode": 152,
    "lat": -30,
    "lng": -71
  },
  {
    "country": "China",
    "alpha2Code": "CN",
    "alpha3Code": "CHN",
    "numCode": 156,
    "lat": 35,
    "lng": 105
  },
  {
    "country": "Christmas Island",
    "alpha2Code": "CX",
    "alpha3Code": "CXR",
    "numCode": 162,
    "lat": -10.5,
    "lng": 105.6667
  },
  {
    "country": "Cocos (Keeling) Islands",
    "alpha2Code": "CC",
    "alpha3Code": "CCK",
    "numCode": 166,
    "lat": -12.5,
    "lng": 96.8333
  },
  {
    "country": "Colombia",
    "alpha2Code": "CO",
    "alpha3Code": "COL",
    "numCode": 170,
    "lat": 4,
    "lng": -72
  },
  {
    "country": "Comoros",
    "alpha2Code": "KM",
    "alpha3Code": "COM",
    "numCode": 174,
    "lat": -12.1667,
    "lng": 44.25
  },
  {
    "country": "Congo",
    "alpha2Code": "CG",
    "alpha3Code": "COG",
    "numCode": 178,
    "lat": -1,
    "lng": 15
  },
  {
    "country": "Congo, the Democratic Republic of the",
    "alpha2Code": "CD",
    "alpha3Code": "COD",
    "numCode": 180,
    "lat": 0,
    "lng": 25
  },
  {
    "country": "Cook Islands",
    "alpha2Code": "CK",
    "alpha3Code": "COK",
    "numCode": 184,
    "lat": -21.2333,
    "lng": -159.7667
  },
  {
    "country": "Costa Rica",
    "alpha2Code": "CR",
    "alpha3Code": "CRI",
    "numCode": 188,
    "lat": 10,
    "lng": -84
  },
  {
    "country": "Côte d'Ivoire",
    "alpha2Code": "CI",
    "alpha3Code": "CIV",
    "numCode": 384,
    "lat": 8,
    "lng": -5
  },
  {
    "country": "Ivory Coast",
    "alpha2Code": "CI",
    "alpha3Code": "CIV",
    "numCode": 384,
    "lat": 8,
    "lng": -5
  },
  {
    "country": "Croatia",
    "alpha2Code": "HR",
    "alpha3Code": "HRV",
    "numCode": 191,
    "lat": 45.1667,
    "lng": 15.5
  },
  {
    "country": "Cuba",
    "alpha2Code": "CU",
    "alpha3Code": "CUB",
    "numCode": 192,
    "lat": 21.5,
    "lng": -80
  },
  {
    "country": "Cyprus",
    "alpha2Code": "CY",
    "alpha3Code": "CYP",
    "numCode": 196,
    "lat": 35,
    "lng": 33
  },
  {
    "country": "Czech Republic",
    "alpha2Code": "CZ",
    "alpha3Code": "CZE",
    "numCode": 203,
    "lat": 49.75,
    "lng": 15.5
  },
  {
    "country": "Denmark",
    "alpha2Code": "DK",
    "alpha3Code": "DNK",
    "numCode": 208,
    "lat": 56,
    "lng": 10
  },
  {
    "country": "Djibouti",
    "alpha2Code": "DJ",
    "alpha3Code": "DJI",
    "numCode": 262,
    "lat": 11.5,
    "lng": 43
  },
  {
    "country": "Dominica",
    "alpha2Code": "DM",
    "alpha3Code": "DMA",
    "numCode": 212,
    "lat": 15.4167,
    "lng": -61.3333
  },
  {
    "country": "Dominican Republic",
    "alpha2Code": "DO",
    "alpha3Code": "DOM",
    "numCode": 214,
    "lat": 19,
    "lng": -70.6667
  },
  {
    "country": "Ecuador",
    "alpha2Code": "EC",
    "alpha3Code": "ECU",
    "numCode": 218,
    "lat": -2,
    "lng": -77.5
  },
  {
    "country": "Egypt",
    "alpha2Code": "EG",
    "alpha3Code": "EGY",
    "numCode": 818,
    "lat": 27,
    "lng": 30
  },
  {
    "country": "El Salvador",
    "alpha2Code": "SV",
    "alpha3Code": "SLV",
    "numCode": 222,
    "lat": 13.8333,
    "lng": -88.9167
  },
  {
    "country": "Equatorial Guinea",
    "alpha2Code": "GQ",
    "alpha3Code": "GNQ",
    "numCode": 226,
    "lat": 2,
    "lng": 10
  },
  {
    "country": "Eritrea",
    "alpha2Code": "ER",
    "alpha3Code": "ERI",
    "numCode": 232,
    "lat": 15,
    "lng": 39
  },
  {
    "country": "Estonia",
    "alpha2Code": "EE",
    "alpha3Code": "EST",
    "numCode": 233,
    "lat": 59,
    "lng": 26
  },
  {
    "country": "Ethiopia",
    "alpha2Code": "ET",
    "alpha3Code": "ETH",
    "numCode": 231,
    "lat": 8,
    "lng": 38
  },
  {
    "country": "Falkland Islands (Malvinas)",
    "alpha2Code": "FK",
    "alpha3Code": "FLK",
    "numCode": 238,
    "lat": -51.75,
    "lng": -59
  },
  {
    "country": "Faroe Islands",
    "alpha2Code": "FO",
    "alpha3Code": "FRO",
    "numCode": 234,
    "lat": 62,
    "lng": -7
  },
  {
    "country": "Fiji",
    "alpha2Code": "FJ",
    "alpha3Code": "FJI",
    "numCode": 242,
    "lat": -18,
    "lng": 175
  },
  {
    "country": "Finland",
    "alpha2Code": "FI",
    "alpha3Code": "FIN",
    "numCode": 246,
    "lat": 64,
    "lng": 26
  },
  {
    "country": "France",
    "alpha2Code": "FR",
    "alpha3Code": "FRA",
    "numCode": 250,
    "lat": 46,
    "lng": 2
  },
  {
    "country": "French Guiana",
    "alpha2Code": "GF",
    "alpha3Code": "GUF",
    "numCode": 254,
    "lat": 4,
    "lng": -53
  },
  {
    "country": "French Polynesia",
    "alpha2Code": "PF",
    "alpha3Code": "PYF",
    "numCode": 258,
    "lat": -15,
    "lng": -140
  },
  {
    "country": "French Southern Territories",
    "alpha2Code": "TF",
    "alpha3Code": "ATF",
    "numCode": 260,
    "lat": -43,
    "lng": 67
  },
  {
    "country": "Gabon",
    "alpha2Code": "GA",
    "alpha3Code": "GAB",
    "numCode": 266,
    "lat": -1,
    "lng": 11.75
  },
  {
    "country": "Gambia",
    "alpha2Code": "GM",
    "alpha3Code": "GMB",
    "numCode": 270,
    "lat": 13.4667,
    "lng": -16.5667
  },
  {
    "country": "Georgia",
    "alpha2Code": "GE",
    "alpha3Code": "GEO",
    "numCode": 268,
    "lat": 42,
    "lng": 43.5
  },
  {
    "country": "Germany",
    "alpha2Code": "DE",
    "alpha3Code": "DEU",
    "numCode": 276,
    "lat": 51,
    "lng": 9
  },
  {
    "country": "Ghana",
    "alpha2Code": "GH",
    "alpha3Code": "GHA",
    "numCode": 288,
    "lat": 8,
    "lng": -2
  },
  {
    "country": "Gibraltar",
    "alpha2Code": "GI",
    "alpha3Code": "GIB",
    "numCode": 292,
    "lat": 36.1833,
    "lng": -5.3667
  },
  {
    "country": "Greece",
    "alpha2Code": "GR",
    "alpha3Code": "GRC",
    "numCode": 300,
    "lat": 39,
    "lng": 22
  },
  {
    "country": "Greenland",
    "alpha2Code": "GL",
    "alpha3Code": "GRL",
    "numCode": 304,
    "lat": 72,
    "lng": -40
  },
  {
    "country": "Grenada",
    "alpha2Code": "GD",
    "alpha3Code": "GRD",
    "numCode": 308,
    "lat": 12.1167,
    "lng": -61.6667
  },
  {
    "country": "Guadeloupe",
    "alpha2Code": "GP",
    "alpha3Code": "GLP",
    "numCode": 312,
    "lat": 16.25,
    "lng": -61.5833
  },
  {
    "country": "Guam",
    "alpha2Code": "GU",
    "alpha3Code": "GUM",
    "numCode": 316,
    "lat": 13.4667,
    "lng": 144.7833
  },
  {
    "country": "Guatemala",
    "alpha2Code": "GT",
    "alpha3Code": "GTM",
    "numCode": 320,
    "lat": 15.5,
    "lng": -90.25
  },
  {
    "country": "Guernsey",
    "alpha2Code": "GG",
    "alpha3Code": "GGY",
    "numCode": 831,
    "lat": 49.5,
    "lng": -2.56
  },
  {
    "country": "Guinea",
    "alpha2Code": "GN",
    "alpha3Code": "GIN",
    "numCode": 324,
    "lat": 11,
    "lng": -10
  },
  {
    "country": "Guinea-Bissau",
    "alpha2Code": "GW",
    "alpha3Code": "GNB",
    "numCode": 624,
    "lat": 12,
    "lng": -15
  },
  {
    "country": "Guyana",
    "alpha2Code": "GY",
    "alpha3Code": "GUY",
    "numCode": 328,
    "lat": 5,
    "lng": -59
  },
  {
    "country": "Haiti",
    "alpha2Code": "HT",
    "alpha3Code": "HTI",
    "numCode": 332,
    "lat": 19,
    "lng": -72.4167
  },
  {
    "country": "Heard Island and McDonald Islands",
    "alpha2Code": "HM",
    "alpha3Code": "HMD",
    "numCode": 334,
    "lat": -53.1,
    "lng": 72.5167
  },
  {
    "country": "Holy See (Vatican City State)",
    "alpha2Code": "VA",
    "alpha3Code": "VAT",
    "numCode": 336,
    "lat": 41.9,
    "lng": 12.45
  },
  {
    "country": "Honduras",
    "alpha2Code": "HN",
    "alpha3Code": "HND",
    "numCode": 340,
    "lat": 15,
    "lng": -86.5
  },
  {
    "country": "Hong Kong",
    "alpha2Code": "HK",
    "alpha3Code": "HKG",
    "numCode": 344,
    "lat": 22.25,
    "lng": 114.1667
  },
  {
    "country": "Hungary",
    "alpha2Code": "HU",
    "alpha3Code": "HUN",
    "numCode": 348,
    "lat": 47,
    "lng": 20
  },
  {
    "country": "Iceland",
    "alpha2Code": "IS",
    "alpha3Code": "ISL",
    "numCode": 352,
    "lat": 65,
    "lng": -18
  },
  {
    "country": "India",
    "alpha2Code": "IN",
    "alpha3Code": "IND",
    "numCode": 356,
    "lat": 20,
    "lng": 77
  },
  {
    "country": "Indonesia",
    "alpha2Code": "ID",
    "alpha3Code": "IDN",
    "numCode": 360,
    "lat": -5,
    "lng": 120
  },
  {
    "country": "Iran, Islamic Republic of",
    "alpha2Code": "IR",
    "alpha3Code": "IRN",
    "numCode": 364,
    "lat": 32,
    "lng": 53
  },
  {
    "country": "Iraq",
    "alpha2Code": "IQ",
    "alpha3Code": "IRQ",
    "numCode": 368,
    "lat": 33,
    "lng": 44
  },
  {
    "country": "Ireland",
    "alpha2Code": "IE",
    "alpha3Code": "IRL",
    "numCode": 372,
    "lat": 53,
    "lng": -8
  },
  {
    "country": "Isle of Man",
    "alpha2Code": "IM",
    "alpha3Code": "IMN",
    "numCode": 833,
    "lat": 54.23,
    "lng": -4.55
  },
  {
    "country": "Israel",
    "alpha2Code": "IL",
    "alpha3Code": "ISR",
    "numCode": 376,
    "lat": 31.5,
    "lng": 34.75
  },
  {
    "country": "Italy",
    "alpha2Code": "IT",
    "alpha3Code": "ITA",
    "numCode": 380,
    "lat": 42.8333,
    "lng": 12.8333
  },
  {
    "country": "Jamaica",
    "alpha2Code": "JM",
    "alpha3Code": "JAM",
    "numCode": 388,
    "lat": 18.25,
    "lng": -77.5
  },
  {
    "country": "Japan",
    "alpha2Code": "JP",
    "alpha3Code": "JPN",
    "numCode": 392,
    "lat": 36,
    "lng": 138
  },
  {
    "country": "Jersey",
    "alpha2Code": "JE",
    "alpha3Code": "JEY",
    "numCode": 832,
    "lat": 49.21,
    "lng": -2.13
  },
  {
    "country": "Jordan",
    "alpha2Code": "JO",
    "alpha3Code": "JOR",
    "numCode": 400,
    "lat": 31,
    "lng": 36
  },
  {
    "country": "Kazakhstan",
    "alpha2Code": "KZ",
    "alpha3Code": "KAZ",
    "numCode": 398,
    "lat": 48,
    "lng": 68
  },
  {
    "country": "Kenya",
    "alpha2Code": "KE",
    "alpha3Code": "KEN",
    "numCode": 404,
    "lat": 1,
    "lng": 38
  },
  {
    "country": "Kiribati",
    "alpha2Code": "KI",
    "alpha3Code": "KIR",
    "numCode": 296,
    "lat": 1.4167,
    "lng": 173
  },
  {
    "country": "Korea, Democratic People's Republic of",
    "alpha2Code": "KP",
    "alpha3Code": "PRK",
    "numCode": 408,
    "lat": 40,
    "lng": 127
  },
  {
    "country": "Korea, Republic of",
    "alpha2Code": "KR",
    "alpha3Code": "KOR",
    "numCode": 410,
    "lat": 37,
    "lng": 127.5
  },
  {
    "country": "South Korea",
    "alpha2Code": "KR",
    "alpha3Code": "KOR",
    "numCode": 410,
    "lat": 37,
    "lng": 127.5
  },
  {
    "country": "Kuwait",
    "alpha2Code": "KW",
    "alpha3Code": "KWT",
    "numCode": 414,
    "lat": 29.3375,
    "lng": 47.6581
  },
  {
    "country": "Kyrgyzstan",
    "alpha2Code": "KG",
    "alpha3Code": "KGZ",
    "numCode": 417,
    "lat": 41,
    "lng": 75
  },
  {
    "country": "Lao People's Democratic Republic",
    "alpha2Code": "LA",
    "alpha3Code": "LAO",
    "numCode": 418,
    "lat": 18,
    "lng": 105
  },
  {
    "country": "Latvia",
    "alpha2Code": "LV",
    "alpha3Code": "LVA",
    "numCode": 428,
    "lat": 57,
    "lng": 25
  },
  {
    "country": "Lebanon",
    "alpha2Code": "LB",
    "alpha3Code": "LBN",
    "numCode": 422,
    "lat": 33.8333,
    "lng": 35.8333
  },
  {
    "country": "Lesotho",
    "alpha2Code": "LS",
    "alpha3Code": "LSO",
    "numCode": 426,
    "lat": -29.5,
    "lng": 28.5
  },
  {
    "country": "Liberia",
    "alpha2Code": "LR",
    "alpha3Code": "LBR",
    "numCode": 430,
    "lat": 6.5,
    "lng": -9.5
  },
  {
    "country": "Libyan Arab Jamahiriya",
    "alpha2Code": "LY",
    "alpha3Code": "LBY",
    "numCode": 434,
    "lat": 25,
    "lng": 17
  },
  {
    "country": "Libya",
    "alpha2Code": "LY",
    "alpha3Code": "LBY",
    "numCode": 434,
    "lat": 25,
    "lng": 17
  },
  {
    "country": "Liechtenstein",
    "alpha2Code": "LI",
    "alpha3Code": "LIE",
    "numCode": 438,
    "lat": 47.1667,
    "lng": 9.5333
  },
  {
    "country": "Lithuania",
    "alpha2Code": "LT",
    "alpha3Code": "LTU",
    "numCode": 440,
    "lat": 56,
    "lng": 24
  },
  {
    "country": "Luxembourg",
    "alpha2Code": "LU",
    "alpha3Code": "LUX",
    "numCode": 442,
    "lat": 49.75,
    "lng": 6.1667
  },
  {
    "country": "Macao",
    "alpha2Code": "MO",
    "alpha3Code": "MAC",
    "numCode": 446,
    "lat": 22.1667,
    "lng": 113.55
  },
  {
    "country": "Macedonia, the former Yugoslav Republic of",
    "alpha2Code": "MK",
    "alpha3Code": "MKD",
    "numCode": 807,
    "lat": 41.8333,
    "lng": 22
  },
  {
    "country": "Madagascar",
    "alpha2Code": "MG",
    "alpha3Code": "MDG",
    "numCode": 450,
    "lat": -20,
    "lng": 47
  },
  {
    "country": "Malawi",
    "alpha2Code": "MW",
    "alpha3Code": "MWI",
    "numCode": 454,
    "lat": -13.5,
    "lng": 34
  },
  {
    "country": "Malaysia",
    "alpha2Code": "MY",
    "alpha3Code": "MYS",
    "numCode": 458,
    "lat": 2.5,
    "lng": 112.5
  },
  {
    "country": "Maldives",
    "alpha2Code": "MV",
    "alpha3Code": "MDV",
    "numCode": 462,
    "lat": 3.25,
    "lng": 73
  },
  {
    "country": "Mali",
    "alpha2Code": "ML",
    "alpha3Code": "MLI",
    "numCode": 466,
    "lat": 17,
    "lng": -4
  },
  {
    "country": "Malta",
    "alpha2Code": "MT",
    "alpha3Code": "MLT",
    "numCode": 470,
    "lat": 35.8333,
    "lng": 14.5833
  },
  {
    "country": "Marshall Islands",
    "alpha2Code": "MH",
    "alpha3Code": "MHL",
    "numCode": 584,
    "lat": 9,
    "lng": 168
  },
  {
    "country": "Martinique",
    "alpha2Code": "MQ",
    "alpha3Code": "MTQ",
    "numCode": 474,
    "lat": 14.6667,
    "lng": -61
  },
  {
    "country": "Mauritania",
    "alpha2Code": "MR",
    "alpha3Code": "MRT",
    "numCode": 478,
    "lat": 20,
    "lng": -12
  },
  {
    "country": "Mauritius",
    "alpha2Code": "MU",
    "alpha3Code": "MUS",
    "numCode": 480,
    "lat": -20.2833,
    "lng": 57.55
  },
  {
    "country": "Mayotte",
    "alpha2Code": "YT",
    "alpha3Code": "MYT",
    "numCode": 175,
    "lat": -12.8333,
    "lng": 45.1667
  },
  {
    "country": "Mexico",
    "alpha2Code": "MX",
    "alpha3Code": "MEX",
    "numCode": 484,
    "lat": 23,
    "lng": -102
  },
  {
    "country": "Micronesia, Federated States of",
    "alpha2Code": "FM",
    "alpha3Code": "FSM",
    "numCode": 583,
    "lat": 6.9167,
    "lng": 158.25
  },
  {
    "country": "Moldova, Republic of",
    "alpha2Code": "MD",
    "alpha3Code": "MDA",
    "numCode": 498,
    "lat": 47,
    "lng": 29
  },
  {
    "country": "Monaco",
    "alpha2Code": "MC",
    "alpha3Code": "MCO",
    "numCode": 492,
    "lat": 43.7333,
    "lng": 7.4
  },
  {
    "country": "Mongolia",
    "alpha2Code": "MN",
    "alpha3Code": "MNG",
    "numCode": 496,
    "lat": 46,
    "lng": 105
  },
  {
    "country": "Montenegro",
    "alpha2Code": "ME",
    "alpha3Code": "MNE",
    "numCode": 499,
    "lat": 42,
    "lng": 19
  },
  {
    "country": "Montserrat",
    "alpha2Code": "MS",
    "alpha3Code": "MSR",
    "numCode": 500,
    "lat": 16.75,
    "lng": -62.2
  },
  {
    "country": "Morocco",
    "alpha2Code": "MA",
    "alpha3Code": "MAR",
    "numCode": 504,
    "lat": 32,
    "lng": -5
  },
  {
    "country": "Mozambique",
    "alpha2Code": "MZ",
    "alpha3Code": "MOZ",
    "numCode": 508,
    "lat": -18.25,
    "lng": 35
  },
  {
    "country": "Myanmar",
    "alpha2Code": "MM",
    "alpha3Code": "MMR",
    "numCode": 104,
    "lat": 22,
    "lng": 98
  },
  {
    "country": "Burma",
    "alpha2Code": "MM",
    "alpha3Code": "MMR",
    "numCode": 104,
    "lat": 22,
    "lng": 98
  },
  {
    "country": "Namibia",
    "alpha2Code": "NA",
    "alpha3Code": "NAM",
    "numCode": 516,
    "lat": -22,
    "lng": 17
  },
  {
    "country": "Nauru",
    "alpha2Code": "NR",
    "alpha3Code": "NRU",
    "numCode": 520,
    "lat": -0.5333,
    "lng": 166.9167
  },
  {
    "country": "Nepal",
    "alpha2Code": "NP",
    "alpha3Code": "NPL",
    "numCode": 524,
    "lat": 28,
    "lng": 84
  },
  {
    "country": "Netherlands",
    "alpha2Code": "NL",
    "alpha3Code": "NLD",
    "numCode": 528,
    "lat": 52.5,
    "lng": 5.75
  },
  {
    "country": "Netherlands Antilles",
    "alpha2Code": "AN",
    "alpha3Code": "ANT",
    "numCode": 530,
    "lat": 12.25,
    "lng": -68.75
  },
  {
    "country": "New Caledonia",
    "alpha2Code": "NC",
    "alpha3Code": "NCL",
    "numCode": 540,
    "lat": -21.5,
    "lng": 165.5
  },
  {
    "country": "New Zealand",
    "alpha2Code": "NZ",
    "alpha3Code": "NZL",
    "numCode": 554,
    "lat": -41,
    "lng": 174
  },
  {
    "country": "Nicaragua",
    "alpha2Code": "NI",
    "alpha3Code": "NIC",
    "numCode": 558,
    "lat": 13,
    "lng": -85
  },
  {
    "country": "Niger",
    "alpha2Code": "NE",
    "alpha3Code": "NER",
    "numCode": 562,
    "lat": 16,
    "lng": 8
  },
  {
    "country": "Nigeria",
    "alpha2Code": "NG",
    "alpha3Code": "NGA",
    "numCode": 566,
    "lat": 10,
    "lng": 8
  },
  {
    "country": "Niue",
    "alpha2Code": "NU",
    "alpha3Code": "NIU",
    "numCode": 570,
    "lat": -19.0333,
    "lng": -169.8667
  },
  {
    "country": "Norfolk Island",
    "alpha2Code": "NF",
    "alpha3Code": "NFK",
    "numCode": 574,
    "lat": -29.0333,
    "lng": 167.95
  },
  {
    "country": "Northern Mariana Islands",
    "alpha2Code": "MP",
    "alpha3Code": "MNP",
    "numCode": 580,
    "lat": 15.2,
    "lng": 145.75
  },
  {
    "country": "Norway",
    "alpha2Code": "NO",
    "alpha3Code": "NOR",
    "numCode": 578,
    "lat": 62,
    "lng": 10
  },
  {
    "country": "Oman",
    "alpha2Code": "OM",
    "alpha3Code": "OMN",
    "numCode": 512,
    "lat": 21,
    "lng": 57
  },
  {
    "country": "Pakistan",
    "alpha2Code": "PK",
    "alpha3Code": "PAK",
    "numCode": 586,
    "lat": 30,
    "lng": 70
  },
  {
    "country": "Palau",
    "alpha2Code": "PW",
    "alpha3Code": "PLW",
    "numCode": 585,
    "lat": 7.5,
    "lng": 134.5
  },
  {
    "country": "Palestinian Territory, Occupied",
    "alpha2Code": "PS",
    "alpha3Code": "PSE",
    "numCode": 275,
    "lat": 32,
    "lng": 35.25
  },
  {
    "country": "Panama",
    "alpha2Code": "PA",
    "alpha3Code": "PAN",
    "numCode": 591,
    "lat": 9,
    "lng": -80
  },
  {
    "country": "Papua New Guinea",
    "alpha2Code": "PG",
    "alpha3Code": "PNG",
    "numCode": 598,
    "lat": -6,
    "lng": 147
  },
  {
    "country": "Paraguay",
    "alpha2Code": "PY",
    "alpha3Code": "PRY",
    "numCode": 600,
    "lat": -23,
    "lng": -58
  },
  {
    "country": "Peru",
    "alpha2Code": "PE",
    "alpha3Code": "PER",
    "numCode": 604,
    "lat": -10,
    "lng": -76
  },
  {
    "country": "Philippines",
    "alpha2Code": "PH",
    "alpha3Code": "PHL",
    "numCode": 608,
    "lat": 13,
    "lng": 122
  },
  {
    "country": "Pitcairn",
    "alpha2Code": "PN",
    "alpha3Code": "PCN",
    "numCode": 612,
    "lat": -24.7,
    "lng": -127.4
  },
  {
    "country": "Poland",
    "alpha2Code": "PL",
    "alpha3Code": "POL",
    "numCode": 616,
    "lat": 52,
    "lng": 20
  },
  {
    "country": "Portugal",
    "alpha2Code": "PT",
    "alpha3Code": "PRT",
    "numCode": 620,
    "lat": 39.5,
    "lng": -8
  },
  {
    "country": "Puerto Rico",
    "alpha2Code": "PR",
    "alpha3Code": "PRI",
    "numCode": 630,
    "lat": 18.25,
    "lng": -66.5
  },
  {
    "country": "Qatar",
    "alpha2Code": "QA",
    "alpha3Code": "QAT",
    "numCode": 634,
    "lat": 25.5,
    "lng": 51.25
  },
  {
    "country": "Réunion",
    "alpha2Code": "RE",
    "alpha3Code": "REU",
    "numCode": 638,
    "lat": -21.1,
    "lng": 55.6
  },
  {
    "country": "Romania",
    "alpha2Code": "RO",
    "alpha3Code": "ROU",
    "numCode": 642,
    "lat": 46,
    "lng": 25
  },
  {
    "country": "Russian Federation",
    "alpha2Code": "RU",
    "alpha3Code": "RUS",
    "numCode": 643,
    "lat": 60,
    "lng": 100
  },
  {
    "country": "Russia",
    "alpha2Code": "RU",
    "alpha3Code": "RUS",
    "numCode": 643,
    "lat": 60,
    "lng": 100
  },
  {
    "country": "Rwanda",
    "alpha2Code": "RW",
    "alpha3Code": "RWA",
    "numCode": 646,
    "lat": -2,
    "lng": 30
  },
  {
    "country": "Saint Helena, Ascension and Tristan da Cunha",
    "alpha2Code": "SH",
    "alpha3Code": "SHN",
    "numCode": 654,
    "lat": -15.9333,
    "lng": -5.7
  },
  {
    "country": "Saint Kitts and Nevis",
    "alpha2Code": "KN",
    "alpha3Code": "KNA",
    "numCode": 659,
    "lat": 17.3333,
    "lng": -62.75
  },
  {
    "country": "Saint Lucia",
    "alpha2Code": "LC",
    "alpha3Code": "LCA",
    "numCode": 662,
    "lat": 13.8833,
    "lng": -61.1333
  },
  {
    "country": "Saint Pierre and Miquelon",
    "alpha2Code": "PM",
    "alpha3Code": "SPM",
    "numCode": 666,
    "lat": 46.8333,
    "lng": -56.3333
  },
  {
    "country": "Saint Vincent and the Grenadines",
    "alpha2Code": "VC",
    "alpha3Code": "VCT",
    "numCode": 670,
    "lat": 13.25,
    "lng": -61.2
  },
  {
    "country": "Saint Vincent & the Grenadines",
    "alpha2Code": "VC",
    "alpha3Code": "VCT",
    "numCode": 670,
    "lat": 13.25,
    "lng": -61.2
  },
  {
    "country": "St. Vincent and the Grenadines",
    "alpha2Code": "VC",
    "alpha3Code": "VCT",
    "numCode": 670,
    "lat": 13.25,
    "lng": -61.2
  },
  {
    "country": "Samoa",
    "alpha2Code": "WS",
    "alpha3Code": "WSM",
    "numCode": 882,
    "lat": -13.5833,
    "lng": -172.3333
  },
  {
    "country": "San Marino",
    "alpha2Code": "SM",
    "alpha3Code": "SMR",
    "numCode": 674,
    "lat": 43.7667,
    "lng": 12.4167
  },
  {
    "country": "Sao Tome and Principe",
    "alpha2Code": "ST",
    "alpha3Code": "STP",
    "numCode": 678,
    "lat": 1,
    "lng": 7
  },
  {
    "country": "Saudi Arabia",
    "alpha2Code": "SA",
    "alpha3Code": "SAU",
    "numCode": 682,
    "lat": 25,
    "lng": 45
  },
  {
    "country": "Senegal",
    "alpha2Code": "SN",
    "alpha3Code": "SEN",
    "numCode": 686,
    "lat": 14,
    "lng": -14
  },
  {
    "country": "Serbia",
    "alpha2Code": "RS",
    "alpha3Code": "SRB",
    "numCode": 688,
    "lat": 44,
    "lng": 21
  },
  {
    "country": "Seychelles",
    "alpha2Code": "SC",
    "alpha3Code": "SYC",
    "numCode": 690,
    "lat": -4.5833,
    "lng": 55.6667
  },
  {
    "country": "Sierra Leone",
    "alpha2Code": "SL",
    "alpha3Code": "SLE",
    "numCode": 694,
    "lat": 8.5,
    "lng": -11.5
  },
  {
    "country": "Singapore",
    "alpha2Code": "SG",
    "alpha3Code": "SGP",
    "numCode": 702,
    "lat": 1.3667,
    "lng": 103.8
  },
  {
    "country": "Slovakia",
    "alpha2Code": "SK",
    "alpha3Code": "SVK",
    "numCode": 703,
    "lat": 48.6667,
    "lng": 19.5
  },
  {
    "country": "Slovenia",
    "alpha2Code": "SI",
    "alpha3Code": "SVN",
    "numCode": 705,
    "lat": 46,
    "lng": 15
  },
  {
    "country": "Solomon Islands",
    "alpha2Code": "SB",
    "alpha3Code": "SLB",
    "numCode": 90,
    "lat": -8,
    "lng": 159
  },
  {
    "country": "Somalia",
    "alpha2Code": "SO",
    "alpha3Code": "SOM",
    "numCode": 706,
    "lat": 10,
    "lng": 49
  },
  {
    "country": "South Africa",
    "alpha2Code": "ZA",
    "alpha3Code": "ZAF",
    "numCode": 710,
    "lat": -29,
    "lng": 24
  },
  {
    "country": "South Georgia and the South Sandwich Islands",
    "alpha2Code": "GS",
    "alpha3Code": "SGS",
    "numCode": 239,
    "lat": -54.5,
    "lng": -37
  },
  {
    "country": "South Sudan",
    "alpha2Code": "SS",
    "alpha3Code": "SSD",
    "numCode": 728,
    "lat": 8,
    "lng": 30
  },
  {
    "country": "Spain",
    "alpha2Code": "ES",
    "alpha3Code": "ESP",
    "numCode": 724,
    "lat": 40,
    "lng": -4
  },
  {
    "country": "Sri Lanka",
    "alpha2Code": "LK",
    "alpha3Code": "LKA",
    "numCode": 144,
    "lat": 7,
    "lng": 81
  },
  {
    "country": "Sudan",
    "alpha2Code": "SD",
    "alpha3Code": "SDN",
    "numCode": 736,
    "lat": 15,
    "lng": 30
  },
  {
    "country": "Suriname",
    "alpha2Code": "SR",
    "alpha3Code": "SUR",
    "numCode": 740,
    "lat": 4,
    "lng": -56
  },
  {
    "country": "Svalbard and Jan Mayen",
    "alpha2Code": "SJ",
    "alpha3Code": "SJM",
    "numCode": 744,
    "lat": 78,
    "lng": 20
  },
  {
    "country": "Swaziland",
    "alpha2Code": "SZ",
    "alpha3Code": "SWZ",
    "numCode": 748,
    "lat": -26.5,
    "lng": 31.5
  },
  {
    "country": "Sweden",
    "alpha2Code": "SE",
    "alpha3Code": "SWE",
    "numCode": 752,
    "lat": 62,
    "lng": 15
  },
  {
    "country": "Switzerland",
    "alpha2Code": "CH",
    "alpha3Code": "CHE",
    "numCode": 756,
    "lat": 47,
    "lng": 8
  },
  {
    "country": "Syrian Arab Republic",
    "alpha2Code": "SY",
    "alpha3Code": "SYR",
    "numCode": 760,
    "lat": 35,
    "lng": 38
  },
  {
    "country": "Taiwan, Province of China",
    "alpha2Code": "TW",
    "alpha3Code": "TWN",
    "numCode": 158,
    "lat": 23.5,
    "lng": 121
  },
  {
    "country": "Taiwan",
    "alpha2Code": "TW",
    "alpha3Code": "TWN",
    "numCode": 158,
    "lat": 23.5,
    "lng": 121
  },
  {
    "country": "Tajikistan",
    "alpha2Code": "TJ",
    "alpha3Code": "TJK",
    "numCode": 762,
    "lat": 39,
    "lng": 71
  },
  {
    "country": "Tanzania, United Republic of",
    "alpha2Code": "TZ",
    "alpha3Code": "TZA",
    "numCode": 834,
    "lat": -6,
    "lng": 35
  },
  {
    "country": "Thailand",
    "alpha2Code": "TH",
    "alpha3Code": "THA",
    "numCode": 764,
    "lat": 15,
    "lng": 100
  },
  {
    "country": "Timor-Leste",
    "alpha2Code": "TL",
    "alpha3Code": "TLS",
    "numCode": 626,
    "lat": -8.55,
    "lng": 125.5167
  },
  {
    "country": "Togo",
    "alpha2Code": "TG",
    "alpha3Code": "TGO",
    "numCode": 768,
    "lat": 8,
    "lng": 1.1667
  },
  {
    "country": "Tokelau",
    "alpha2Code": "TK",
    "alpha3Code": "TKL",
    "numCode": 772,
    "lat": -9,
    "lng": -172
  },
  {
    "country": "Tonga",
    "alpha2Code": "TO",
    "alpha3Code": "TON",
    "numCode": 776,
    "lat": -20,
    "lng": -175
  },
  {
    "country": "Trinidad and Tobago",
    "alpha2Code": "TT",
    "alpha3Code": "TTO",
    "numCode": 780,
    "lat": 11,
    "lng": -61
  },
  {
    "country": "Tunisia",
    "alpha2Code": "TN",
    "alpha3Code": "TUN",
    "numCode": 788,
    "lat": 34,
    "lng": 9
  },
  {
    "country": "Turkey",
    "alpha2Code": "TR",
    "alpha3Code": "TUR",
    "numCode": 792,
    "lat": 39,
    "lng": 35
  },
  {
    "country": "Turkmenistan",
    "alpha2Code": "TM",
    "alpha3Code": "TKM",
    "numCode": 795,
    "lat": 40,
    "lng": 60
  },
  {
    "country": "Turks and Caicos Islands",
    "alpha2Code": "TC",
    "alpha3Code": "TCA",
    "numCode": 796,
    "lat": 21.75,
    "lng": -71.5833
  },
  {
    "country": "Tuvalu",
    "alpha2Code": "TV",
    "alpha3Code": "TUV",
    "numCode": 798,
    "lat": -8,
    "lng": 178
  },
  {
    "country": "Uganda",
    "alpha2Code": "UG",
    "alpha3Code": "UGA",
    "numCode": 800,
    "lat": 1,
    "lng": 32
  },
  {
    "country": "Ukraine",
    "alpha2Code": "UA",
    "alpha3Code": "UKR",
    "numCode": 804,
    "lat": 49,
    "lng": 32
  },
  {
    "country": "United Arab Emirates",
    "alpha2Code": "AE",
    "alpha3Code": "ARE",
    "numCode": 784,
    "lat": 24,
    "lng": 54
  },
  {
    "country": "United Kingdom",
    "alpha2Code": "GB",
    "alpha3Code": "GBR",
    "numCode": 826,
    "lat": 54,
    "lng": -2
  },
  {
    "country": "United States",
    "alpha2Code": "US",
    "alpha3Code": "USA",
    "numCode": 840,
    "lat": 38,
    "lng": -97
  },
  {
    "country": "United States Minor Outlying Islands",
    "alpha2Code": "UM",
    "alpha3Code": "UMI",
    "numCode": 581,
    "lat": 19.2833,
    "lng": 166.6
  },
  {
    "country": "Uruguay",
    "alpha2Code": "UY",
    "alpha3Code": "URY",
    "numCode": 858,
    "lat": -33,
    "lng": -56
  },
  {
    "country": "Uzbekistan",
    "alpha2Code": "UZ",
    "alpha3Code": "UZB",
    "numCode": 860,
    "lat": 41,
    "lng": 64
  },
  {
    "country": "Vanuatu",
    "alpha2Code": "VU",
    "alpha3Code": "VUT",
    "numCode": 548,
    "lat": -16,
    "lng": 167
  },
  {
    "country": "Venezuela, Bolivarian Republic of",
    "alpha2Code": "VE",
    "alpha3Code": "VEN",
    "numCode": 862,
    "lat": 8,
    "lng": -66
  },
  {
    "country": "Venezuela",
    "alpha2Code": "VE",
    "alpha3Code": "VEN",
    "numCode": 862,
    "lat": 8,
    "lng": -66
  },
  {
    "country": "Viet Nam",
    "alpha2Code": "VN",
    "alpha3Code": "VNM",
    "numCode": 704,
    "lat": 16,
    "lng": 106
  },
  {
    "country": "Vietnam",
    "alpha2Code": "VN",
    "alpha3Code": "VNM",
    "numCode": 704,
    "lat": 16,
    "lng": 106
  },
  {
    "country": "Virgin Islands, British",
    "alpha2Code": "VG",
    "alpha3Code": "VGB",
    "numCode": 92,
    "lat": 18.5,
    "lng": -64.5
  },
  {
    "country": "Virgin Islands, U.S.",
    "alpha2Code": "VI",
    "alpha3Code": "VIR",
    "numCode": 850,
    "lat": 18.3333,
    "lng": -64.8333
  },
  {
    "country": "Wallis and Futuna",
    "alpha2Code": "WF",
    "alpha3Code": "WLF",
    "numCode": 876,
    "lat": -13.3,
    "lng": -176.2
  },
  {
    "country": "Western Sahara",
    "alpha2Code": "EH",
    "alpha3Code": "ESH",
    "numCode": 732,
    "lat": 24.5,
    "lng": -13
  },
  {
    "country": "Yemen",
    "alpha2Code": "YE",
    "alpha3Code": "YEM",
    "numCode": 887,
    "lat": 15,
    "lng": 48
  },
  {
    "country": "Zambia",
    "alpha2Code": "ZM",
    "alpha3Code": "ZMB",
    "numCode": 894,
    "lat": -15,
    "lng": 30
  },
  {
    "country": "Zimbabwe",
    "alpha2Code": "ZW",
    "alpha3Code": "ZWE",
    "numCode": 716,
    "lat": -20,
    "lng": 30
  }
]